date,sport,game_id,bet_type,legs,bet_label,odds,true_prob,implied_prob,edge,grade,kelly_frac,bet_amount,bankroll_before,result,pnl,bankroll_after,notes
2026-06-02,PARLAY,824754+822971,2-parlay,2,2-串（紅襪 勝、光芒 勝）,4.639,0.3324,0.2156,0.5419,PARLAY,0.0223,70,3000.0,LOSS,-70,2930.0,
2026-06-02,PARLAY,824754+822971+824511+823460+823541,5-parlay,5,5-串（紅襪 勝、光芒 勝、紅人 勝、教士 勝、守護者 勝）,66.671,0.029,0.015,0.9335,PARLAY,0.0033,10.0,2930.0,LOSS,-10.0,2920.0,強制五關 NT$10
2026-06-03,PARLAY,824188+823130+0042500401+824024,4-parlay,4,4-串（海盜 勝、大都會 勝、尼克 勝、洛磯 勝）,26.855,0.0159,0.0372,-0.5737,PARLAY,0.0034,10.0,2920.0,LOSS,-10.0,2910.0,強制多關 NT$10（候選不足 5 場，實際 4 關）
2026-06-06,PARLAY,823454+823048,2-parlay,2,2-串（白襪 勝、紅雀 勝）,3.834,0.3893,0.2608,0.4926,PARLAY,0.0261,80,2910.0,WIN,227.0,3137.0,
2026-06-06,PARLAY,823454+823048+824269+822891,4-parlay,4,4-串（白襪 勝、紅雀 勝、水手 勝、遊騎兵 勝）,12.346,0.1177,0.081,0.4526,PARLAY,0.0034,10.0,3137.0,LOSS,-10.0,3127.0,強制多關 NT$10（候選不足 5 場，實際 4 關）
2026-06-07,PARLAY,823941+823696+824268+822807+822890,5-parlay,5,5-串（天使 勝、皇家 勝、老虎 勝、金鶯 勝、守護者 勝）,47.191,0.0475,0.0212,1.2419,PARLAY,0.0032,10.0,3127.0,LOSS,-10.0,3117.0,強制五關 NT$10
2026-06-08,PARLAY,823289+824427+824998+0042500403,4-parlay,4,4-串（教士 勝、洋基 勝、運動家 勝、馬刺 勝）,30.898,0.0445,0.0324,0.374,PARLAY,0.0032,10.0,3117.0,LOSS,-10.0,3107.0,強制多關 NT$10（候選不足 5 場，實際 4 關）
2026-06-09,PARLAY,823290+824023,2-parlay,2,2-串（紅人 勝、天使 勝）,4.505,0.3663,0.222,0.6499,PARLAY,0.0278,90,3107.0,WIN,315.0,3422.0,
2026-06-09,PARLAY,823290+824023,2-parlay,2,2-串（紅人 勝、天使 勝）,4.505,0.3663,0.222,0.6499,PARLAY,0.0032,10.0,3422.0,WIN,35.0,3457.0,強制多關 NT$10（候選不足 5 場，實際 2 關）
2026-06-10,PARLAY,824348+824831,2-parlay,2,2-串（小熊 勝、金鶯 勝）,4.732,0.4337,0.2113,1.0521,PARLAY,0.0423,150,3457.0,LOSS,-150,3307.0,
2026-06-10,PARLAY,824348+824103,2-parlay,2,2-串（小熊 勝、遊騎兵 勝）,4.322,0.4639,0.2314,1.0048,PARLAY,0.0454,150,3307.0,LOSS,-150,3157.0,
2026-06-10,PARLAY,824348+824831+824103,3-parlay,3,3-串（小熊 勝、金鶯 勝、遊騎兵 勝）,9.932,0.2683,0.1007,1.6646,PARLAY,0.028,90,3157.0,LOSS,-90,3067.0,
2026-06-10,PARLAY,824348+824831+824428,3-parlay,3,3-串（小熊 勝、金鶯 勝、洋基 勝）,10.092,0.2492,0.0991,1.5151,PARLAY,0.025,80,3067.0,LOSS,-80,2987.0,
2026-06-10,PARLAY,824348+824831+824103+824428+823215,5-parlay,5,5-串（小熊 勝、金鶯 勝、遊騎兵 勝、洋基 勝、國民 勝）,42.305,0.0843,0.0236,2.5664,PARLAY,0.0029,10.0,2987.0,LOSS,-10.0,2977.0,強制五關 NT$10
2026-06-12,PARLAY,822726+823370,2-parlay,2,2-串（水手 勝、馬林魚 勝）,3.729,0.4542,0.2682,0.6937,PARLAY,0.0381,110,2977.0,WIN,300.0,3277.0,
2026-06-12,PARLAY,822726+824588,2-parlay,2,2-串（水手 勝、白襪 勝）,3.812,0.4408,0.2623,0.6805,PARLAY,0.0363,120,3277.0,WIN,337.0,3614.0,
2026-06-12,PARLAY,822726+823370+824588,3-parlay,3,3-串（水手 勝、馬林魚 勝、白襪 勝）,8.353,0.2524,0.1197,1.1083,PARLAY,0.0226,80,3614.0,WIN,588.0,4202.0,
2026-06-12,PARLAY,822726+823370+824425,3-parlay,3,3-串（水手 勝、馬林魚 勝、老虎 勝）,7.514,0.2627,0.1331,0.974,PARLAY,0.0224,90,4202.0,LOSS,-90,4112.0,
2026-06-12,PARLAY,822726+823370+824588+824425+823695,5-parlay,5,5-串（水手 勝、馬林魚 勝、白襪 勝、老虎 勝、紅雀 勝）,36.878,0.0765,0.0271,1.8228,PARLAY,0.0034,10.0,4112.0,LOSS,-10.0,4102.0,強制五關 NT$10
2026-06-13,PARLAY,823213+824100,2-parlay,2,2-串（小熊 勝、皇家 勝）,4.058,0.4282,0.2464,0.7375,PARLAY,0.0362,150,4102.0,LOSS,-150,3952.0,
2026-06-13,PARLAY,823213+823694,2-parlay,2,2-串（小熊 勝、紅雀 勝）,4.502,0.3571,0.2221,0.6076,PARLAY,0.026,100,3952.0,WIN,350.0,4302.0,
2026-06-13,PARLAY,823213+824100+823694,3-parlay,3,3-串（小熊 勝、皇家 勝、紅雀 勝）,8.85,0.2232,0.113,0.9753,PARLAY,0.0186,80,4302.0,LOSS,-80,4222.0,
2026-06-13,PARLAY,823213+824100+823694+0042500405,4-parlay,4,4-串（小熊 勝、皇家 勝、紅雀 勝、尼克 勝）,23.975,0.0869,0.0417,1.083,PARLAY,0.0024,10.0,4222.0,LOSS,-10.0,4212.0,強制多關 NT$10（候選不足 5 場，實際 4 關）
2026-06-14,PARLAY,823693+824823,2-parlay,2,2-串（紅雀 勝、教士 勝）,4.244,0.3798,0.2356,0.6118,PARLAY,0.0283,120,4212.0,LOSS,-120,4092.0,
2026-06-14,PARLAY,823693+823615,2-parlay,2,2-串（紅雀 勝、勇士 勝）,4.035,0.3782,0.2478,0.5259,PARLAY,0.026,110,4092.0,LOSS,-110,3982.0,
2026-06-14,PARLAY,823693+824823+823615,3-parlay,3,3-串（紅雀 勝、教士 勝、勇士 勝）,8.84,0.208,0.1131,0.8392,PARLAY,0.0161,60,3982.0,LOSS,-60,3922.0,
2026-06-14,PARLAY,823693+824823+823615+824586+822722,5-parlay,5,5-串（紅雀 勝、教士 勝、勇士 勝、白襪 勝、水手 勝）,40.801,0.0503,0.0245,1.0515,PARLAY,0.0024,10.0,3922.0,LOSS,-10.0,3912.0,強制五關 NT$10
2026-06-16,PARLAY,824667+823451,2-parlay,2,2-串（洛磯 勝、馬林魚 勝）,7.303,0.2901,0.1369,1.1189,PARLAY,0.0266,100,3912.0,LOSS,-100,3812.0,
2026-06-16,PARLAY,824667+823045,2-parlay,2,2-串（洛磯 勝、教士 勝）,6.565,0.2985,0.1523,0.9598,PARLAY,0.0259,100,3812.0,LOSS,-100,3712.0,
2026-06-16,PARLAY,824667+823451+823045+823939+822888,5-parlay,5,5-串（洛磯 勝、馬林魚 勝、教士 勝、光芒 勝、雙城 勝）,102.359,0.0413,0.0098,3.2252,PARLAY,0.0026,10.0,3712.0,LOSS,-10.0,3702.0,強制五關 NT$10
2026-06-17,PARLAY,824992+823940,2-parlay,2,2-串（海盜 勝、光芒 勝）,3.863,0.4482,0.2589,0.7314,PARLAY,0.0383,140,3702.0,LOSS,-140,3562.0,
2026-06-17,PARLAY,824992+823940+824503+823536+824913,5-parlay,5,5-串（海盜 勝、光芒 勝、大都會 勝、洋基 勝、勇士 勝）,27.947,0.0842,0.0358,1.3518,PARLAY,0.0027,10.0,3562.0,LOSS,-10.0,3552.0,強制五關 NT$10
2026-06-18,PARLAY,823533+824911,2-parlay,2,2-串（白襪 勝、巨人 勝）,5.798,0.28,0.1725,0.6232,PARLAY,0.0195,70,3552.0,VOID,0.0,3552.0,
2026-06-18,PARLAY,823533+824748,2-parlay,2,2-串（白襪 勝、藍鳥 勝）,5.306,0.2953,0.1885,0.567,PARLAY,0.0198,70,3552.0,WIN,301.0,3853.0,
2026-06-18,PARLAY,823533+824911+824748,3-parlay,3,3-串（白襪 勝、巨人 勝、藍鳥 勝）,12.193,0.1595,0.082,0.945,PARLAY,0.0127,50,3853.0,VOID,0.0,3853.0,
2026-06-18,PARLAY,823533+824911+824748+823772+823125,5-parlay,5,5-串（白襪 勝、巨人 勝、藍鳥 勝、釀酒人 勝、金鶯 勝）,46.155,0.041,0.0217,0.8932,PARLAY,0.0028,10.0,3853.0,VOID,0.0,3853.0,強制五關 NT$10
2026-06-19,PARLAY,824097+0042500407,2-parlay,2,2-串（紅雀 勝、尼克 勝）,5.78,0.2355,0.173,0.3612,PARLAY,0.0026,10.0,3853.0,LOSS,-10.0,3843.0,強制多關 NT$10（候選不足 5 場，實際 2 關）
2026-06-20,PARLAY,822885+824342+823447+824180+823937,5-parlay,5,5-串（教士 勝、洛磯 勝、大都會 勝、守護者 勝、金鶯 勝）,101.403,0.012,0.0099,0.2125,PARLAY,0.0026,10.0,3843.0,LOSS,-10.0,3833.0,強制五關 NT$10
2026-06-21,PARLAY,823934+824343,2-parlay,2,2-串（金鶯 勝、洛磯 勝）,7.299,0.2962,0.137,1.1616,PARLAY,0.0277,110,3833.0,LOSS,-110,3723.0,
2026-06-21,PARLAY,823934+823531,2-parlay,2,2-串（金鶯 勝、紅人 勝）,6.811,0.3067,0.1468,1.0891,PARLAY,0.0281,100,3723.0,WIN,581.0,4304.0,
2026-06-21,PARLAY,823934+824343+823531,3-parlay,3,3-串（金鶯 勝、洛磯 勝、紅人 勝）,14.991,0.1735,0.0667,1.6016,PARLAY,0.0172,70,4304.0,LOSS,-70,4234.0,
2026-06-21,PARLAY,823934+824343+824260,3-parlay,3,3-串（金鶯 勝、洛磯 勝、白襪 勝）,14.422,0.1745,0.0693,1.5173,PARLAY,0.017,70,4234.0,LOSS,-70,4164.0,
2026-06-21,PARLAY,823934+824343+823531+824260+824908,5-parlay,5,5-串（金鶯 勝、洛磯 勝、紅人 勝、白襪 勝、勇士 勝）,50.595,0.0678,0.0198,2.4324,PARLAY,0.0026,10.0,4164.0,LOSS,-10.0,4154.0,強制五關 NT$10
2026-06-23,PARLAY,823614+822718,2-parlay,2,2-串（大都會 勝、費城人 勝）,4.219,0.5236,0.237,1.2088,PARLAY,0.0563,230,4154.0,LOSS,-230,3924.0,
2026-06-23,PARLAY,823614+824501,2-parlay,2,2-串（大都會 勝、紅人 勝）,4.743,0.4483,0.2108,1.1261,PARLAY,0.0451,180,3924.0,LOSS,-180,3744.0,
2026-06-23,PARLAY,823614+822718+824501,3-parlay,3,3-串（大都會 勝、費城人 勝、紅人 勝）,9.695,0.3011,0.1031,1.919,PARLAY,0.0331,120,3744.0,LOSS,-120,3624.0,
2026-06-23,PARLAY,823614+822718+823690,3-parlay,3,3-串（大都會 勝、費城人 勝、雙城 勝）,9.45,0.2722,0.1058,1.5725,PARLAY,0.0279,100,3624.0,LOSS,-100,3524.0,
2026-06-23,PARLAY,823614+822718+824501+823690+824584,5-parlay,5,5-串（大都會 勝、費城人 勝、紅人 勝、雙城 勝、守護者 勝）,41.652,0.0893,0.024,2.7203,PARLAY,0.0024,10.0,3524.0,LOSS,-10.0,3514.0,強制五關 NT$10
2026-06-24,PARLAY,822965+823691,2-parlay,2,2-串（皇家 勝、雙城 勝）,6.511,0.2919,0.1536,0.9005,PARLAY,0.0245,90,3514.0,LOSS,-90,3424.0,
2026-06-24,PARLAY,822965+823208,2-parlay,2,2-串（皇家 勝、運動家 勝）,5.743,0.2971,0.1741,0.706,PARLAY,0.0223,80,3424.0,LOSS,-80,3344.0,
2026-06-24,PARLAY,822965+823691+823208,3-parlay,3,3-串（皇家 勝、雙城 勝、運動家 勝）,14.265,0.1514,0.0701,1.159,PARLAY,0.0131,40,3344.0,LOSS,-40,3304.0,
2026-06-24,PARLAY,822965+823691+823208+824259+824500,5-parlay,5,5-串（皇家 勝、雙城 勝、運動家 勝、老虎 勝、釀酒人 勝）,54.867,0.0437,0.0182,1.3958,PARLAY,0.0028,10.0,3304.0,LOSS,-10.0,3294.0,強制五關 NT$10
2026-06-25,PARLAY,822961+823366,2-parlay,2,2-串（皇家 勝、水手 勝）,4.549,0.3216,0.2198,0.463,PARLAY,0.0196,60,3294.0,LOSS,-60,3234.0,
2026-06-25,PARLAY,822961+823366+822717,3-parlay,3,3-串（皇家 勝、水手 勝、費城人 勝）,8.066,0.1805,0.124,0.4555,PARLAY,0.003,10.0,3234.0,LOSS,-10.0,3224.0,強制多關 NT$10（候選不足 5 場，實際 3 關）
2026-06-27,PARLAY,824581+824745,2-parlay,2,2-串（白襪 勝、紅襪 勝）,3.43,0.2899,0.2915,-0.0054,PARLAY,0.0031,10.0,3224.0,WIN,24.0,3248.0,強制多關 NT$10（候選不足 5 場，實際 2 關）
2026-06-28,PARLAY,824580+823281+823362+824422+824744,5-parlay,5,5-串（白襪 勝、教士 勝、海盜 勝、守護者 勝、洋基 勝）,25.079,0.0531,0.0399,0.3329,PARLAY,0.0031,10.0,3248.0,LOSS,-10.0,3238.0,強制五關 NT$10
2026-06-30,PARLAY,823122+824175,2-parlay,2,2-串（天使 勝、雙城 勝）,5.957,0.3316,0.1679,0.9756,PARLAY,0.0295,100,3238.0,LOSS,-100,3138.0,
2026-06-30,PARLAY,823122+824418,2-parlay,2,2-串（天使 勝、遊騎兵 勝）,6.197,0.3105,0.1614,0.9243,PARLAY,0.0267,80,3138.0,LOSS,-80,3058.0,
2026-06-30,PARLAY,823122+824175+824418,3-parlay,3,3-串（天使 勝、雙城 勝、遊騎兵 勝）,13.577,0.1759,0.0737,1.3883,PARLAY,0.0166,50,3058.0,LOSS,-50,3008.0,
2026-06-30,PARLAY,823122+824984+824175,3-parlay,3,3-串（天使 勝、道奇 勝、雙城 勝）,11.271,0.211,0.0887,1.3783,PARLAY,0.0201,60,3008.0,LOSS,-60,2948.0,
2026-06-30,PARLAY,823122+824984+824175+824418+823768,5-parlay,5,5-串（天使 勝、道奇 勝、雙城 勝、遊騎兵 勝、紅人 勝）,56.281,0.0604,0.0178,2.4009,PARLAY,0.0031,10.0,2948.0,LOSS,-10.0,2938.0,強制五關 NT$10
2026-07-01,PARLAY,823446+823530,2-parlay,2,2-串（海盜 勝、洋基 勝）,5.291,0.3596,0.189,0.9024,PARLAY,0.0315,90,2938.0,LOSS,-90,2848.0,
2026-07-01,PARLAY,823446+824660,2-parlay,2,2-串（海盜 勝、教士 勝）,6.486,0.2926,0.1542,0.8978,PARLAY,0.0245,70,2848.0,LOSS,-70,2778.0,
2026-07-01,PARLAY,823446+823530+824660,3-parlay,3,3-串（海盜 勝、洋基 勝、教士 勝）,12.058,0.1829,0.0829,1.2055,PARLAY,0.0164,50,2778.0,LOSS,-50,2728.0,
2026-07-01,PARLAY,823446+823530+824905,3-parlay,3,3-串（海盜 勝、洋基 勝、紅雀 勝）,11.745,0.1847,0.0851,1.1691,PARLAY,0.0163,40,2728.0,LOSS,-40,2688.0,
2026-07-01,PARLAY,823446+823530+824660+824905+824740,5-parlay,5,5-串（海盜 勝、洋基 勝、教士 勝、紅雀 勝、國民 勝）,56.56,0.0479,0.0177,1.7109,PARLAY,0.0034,10.0,2688.0,LOSS,-10.0,2678.0,強制五關 NT$10
2026-07-03,PARLAY,824498+824417,2-parlay,2,2-串（金鶯 勝、白襪 勝）,3.822,0.2781,0.2616,0.0631,PARLAY,0.0037,10.0,2678.0,LOSS,-10.0,2668.0,強制多關 NT$10（候選不足 5 場，實際 2 關）
2026-07-04,PARLAY,824171+822882+823526+824415+822716,5-parlay,5,5-串（光芒 勝、遊騎兵 勝、雙城 勝、白襪 勝、國民 勝）,44.32,0.0153,0.0226,-0.3231,PARLAY,0.0037,10.0,2668.0,LOSS,-10.0,2658.0,強制五關 NT$10
2026-07-05,PARLAY,824656+824091,2-parlay,2,2-串（紅雀 勝、皇家 勝）,4.864,0.4277,0.2056,1.08,PARLAY,0.0419,110,2658.0,LOSS,-110,2548.0,
2026-07-05,PARLAY,824656+822715,2-parlay,2,2-串（紅雀 勝、海盜 勝）,4.732,0.4036,0.2113,0.9098,PARLAY,0.0366,90,2548.0,LOSS,-90,2458.0,
2026-07-05,PARLAY,824656+824091+822715,3-parlay,3,3-串（紅雀 勝、皇家 勝、海盜 勝）,10.321,0.2586,0.0969,1.6684,PARLAY,0.0269,70,2458.0,LOSS,-70,2388.0,
2026-07-05,PARLAY,824656+824091+824902,3-parlay,3,3-串（紅雀 勝、皇家 勝、大都會 勝）,9.562,0.2653,0.1046,1.5367,PARLAY,0.0269,60,2388.0,LOSS,-60,2328.0,
2026-07-05,PARLAY,824656+824091+822715+824902+823525,5-parlay,5,5-串（紅雀 勝、皇家 勝、海盜 勝、大都會 勝、雙城 勝）,42.671,0.0886,0.0234,2.7812,PARLAY,0.0038,10.0,2328.0,LOSS,-10.0,2318.0,強制五關 NT$10
2026-07-06,PARLAY,824900+824089+823036,3-parlay,3,3-串（勇士 勝、費城人 勝、釀酒人 勝）,7.103,0.2362,0.1408,0.6779,PARLAY,0.0043,10.0,2318.0,LOSS,-10.0,2308.0,強制多關 NT$10（候選不足 5 場，實際 3 關）
2026-07-07,PARLAY,823929+822713,2-parlay,2,2-串（洛磯 勝、國民 勝）,5.473,0.242,0.1827,0.3245,PARLAY,0.0043,10.0,2308.0,LOSS,-10.0,2298.0,強制多關 NT$10（候選不足 5 場，實際 2 關）
2026-07-08,PARLAY,823928+822710,2-parlay,2,2-串（洛磯 勝、太空人 勝）,6.794,0.3307,0.1472,1.2467,PARLAY,0.0323,70,2298.0,LOSS,-70,2228.0,
2026-07-08,PARLAY,823928+824253+822710+822880+823202,5-parlay,5,5-串（洛磯 勝、運動家 勝、太空人 勝、天使 勝、藍鳥 勝）,85.548,0.0401,0.0117,2.43,PARLAY,0.0044,10.0,2228.0,LOSS,-10.0,2218.0,強制五關 NT$10
2026-07-09,PARLAY,824494+823359+823277+823606+824816,5-parlay,5,5-串（紅人 勝、海盜 勝、教士 勝、大都會 勝、小熊 勝）,55.15,0.0373,0.0181,1.0546,PARLAY,0.0045,10.0,2218.0,LOSS,-10.0,2208.0,強制五關 NT$10
2026-07-10,PARLAY,823604+823357,2-parlay,2,2-串（紅襪 勝、釀酒人 勝）,5.402,0.3329,0.1851,0.7985,PARLAY,0.0272,60,2208.0,LOSS,-60,2148.0,
2026-07-10,PARLAY,823604+822878,2-parlay,2,2-串（紅襪 勝、太空人 勝）,4.448,0.3916,0.2248,0.7418,PARLAY,0.0323,70,2148.0,LOSS,-70,2078.0,
2026-07-10,PARLAY,823604+822878+823357,3-parlay,3,3-串（紅襪 勝、太空人 勝、釀酒人 勝）,11.355,0.1979,0.0881,1.2475,PARLAY,0.0181,40,2078.0,LOSS,-40,2038.0,
2026-07-10,PARLAY,823604+823357+824252,3-parlay,3,3-串（紅襪 勝、釀酒人 勝、老虎 勝）,10.469,0.201,0.0955,1.1047,PARLAY,0.0175,40,2038.0,LOSS,-40,1998.0,
2026-07-10,PARLAY,823604+822878+823357+824252+823033,5-parlay,5,5-串（紅襪 勝、太空人 勝、釀酒人 勝、老虎 勝、勇士 勝）,41.218,0.0713,0.0243,1.9382,PARLAY,0.0045,10.0,1998.0,LOSS,-10.0,1988.0,強制五關 NT$10
2026-07-11,PARLAY,824249+824492,2-parlay,2,2-串（老虎 勝、紅人 勝）,4.333,0.384,0.2308,0.6638,PARLAY,0.0179,40,1988.0,LOSS,-40,1948.0,
2026-07-11,PARLAY,824249+824576,2-parlay,2,2-串（老虎 勝、白襪 勝）,4.249,0.3841,0.2353,0.6319,PARLAY,0.0175,30,1948.0,LOSS,-30,1918.0,
2026-07-11,PARLAY,824249+824492+824576,3-parlay,3,3-串（老虎 勝、紅人 勝、白襪 勝）,8.795,0.2274,0.1137,0.9998,PARLAY,0.0115,20,1918.0,LOSS,-20,1898.0,
2026-07-11,PARLAY,824249+824492+824576+823926+823276,5-parlay,5,5-串（老虎 勝、紅人 勝、白襪 勝、道奇 勝、藍鳥 勝）,33.322,0.0784,0.03,1.6141,PARLAY,0.005,10.0,1898.0,LOSS,-10.0,1888.0,強制五關 NT$10
2026-07-12,PARLAY,824574+823602,2-parlay,2,2-串（白襪 勝、紅襪 勝）,4.906,0.3088,0.2038,0.5152,PARLAY,0.0119,20,1888.0,WIN,78.0,1966.0,
2026-07-12,PARLAY,824574+824250,2-parlay,2,2-串（白襪 勝、老虎 勝）,4.84,0.3105,0.2066,0.5028,PARLAY,0.0118,20,1966.0,LOSS,-20,1946.0,
2026-07-12,PARLAY,824574+823602+824250,3-parlay,3,3-串（白襪 勝、紅襪 勝、老虎 勝）,10.401,0.1754,0.0961,0.8244,PARLAY,0.0079,20,1946.0,LOSS,-20,1926.0,
2026-07-12,PARLAY,824574+823602+822951,3-parlay,3,3-串（白襪 勝、紅襪 勝、光芒 勝）,10.754,0.166,0.093,0.7856,PARLAY,0.0072,10.0,1926.0,LOSS,-10.0,1916.0,
2026-07-12,PARLAY,824574+823602+824250+822951+824814,5-parlay,5,5-串（白襪 勝、紅襪 勝、老虎 勝、光芒 勝、金鶯 勝）,44.253,0.0562,0.0226,1.4881,PARLAY,0.0053,10.0,1916.0,LOSS,-10.0,1906.0,強制五關 NT$10
